,headlines
0,Aluminium Dunkerque to relaunch idled capacity 
1,Column Power problems rein in global aluminium output growth 
2,Column China hikes aluminium tariffs but export boom already over 
3, Aluminium Cans Cast Into A Guitar
4,Supermarket ditches mini wine bottle to opt for ‘vin in a tin’
5,China's  aluminium output hits record high  mln tonnes 
6,South sees shipping delays tying up cash in inventory 
7,Alcoa reverts to gas for fuelling alumina refineries in Western Australia 
8,India's Vedanta profit plummets  on soft metal prices com
9,Column Base metals start the new year with depleted inventory com
10,"EU concerns on green subsidy law are top US priority, US trade  "
11,Column Analysts wary of base metals after China recovery rally 
12,Chevron restarts production at Wheatstone gas plant 
13,Liberty Steel suspends some UK plants due to power prices 
14,Breakingviews  European gas savings success hides darker reality com
15,"Simandou iron ore project to restart in March, Guinea says "
16,"Potanin says sanctions constrain Nornickel, force it to adjust strategy "
17,EU urges European banks to step up funding for critical minerals 
18,Concrete is one of the world’s most harmful materials Graphene could change that
19,Creative Vandalism The KITT Way
20,DIY Capacitor Leakage Tester With a Professional Finish
21,An Open Hardware Automatic Spinning Machine
22,"Column While Dr Copper waits for China, China buys more copper com"
23,A sixpack of sauvignon could canned wine help save the planet
24,Plastic bottle deposit return scheme finally looks set to start in England
25,Samsung Galaxy S launch MP cameras and bigger batteries
26,Robotic Acrobot Aces The Moves
27,"Jony Ive, designer of the iPhone and iPod, just designed a ‘clown nose’ for a British charity"
28,Column China's power sector emissions set to jump as economy  
29,The unfinished business of sporting laws and when rulemakers go too far
30,"To get to netzero, we will need to make mining 'naturepositive  "
31,Waitrose to sell wine in cans
32,DIY Hidden Poker Table built into regular IKEA dining table
33,Bright idea how to use dye to refresh your wardrobe
34,The InfinitelyAdjustable RingLightLike Poise Lamp
35,Kevin Daly designs canopied building to be welcoming as the shadow beneath a tree
36,Super slim filament stand DThursday DPrinting
37,Keiji Ashizawa adds Blue Bottle Coffee shop to Kobe department store
38,Surman Weston nestles geometric pool house in gardens of Surrey home
39,Studio CL creates Santiago apartment building as exercise in microdensity
40,Stride Treglown completes site for the Deaf Academy in Exmouth
41,Caspar Schols Takes the Concept of Lodging Once Step Further with ANNA Cabin
42,Caspar Schols Takes the Concept of Lodging Once Step Further with ANNA Cabin
43,Building Ghana's Aluminium Empire Leveraging Resources And Infrastructure To Become A Major Player In The Global Market
44,GSL Gallery takes over disused Parisian factory with punk interiors
45,Now or never exhibition visualises the carbon emissions of common materials
46,ALUMINIUM DUFFEL PREPARES FOR ITS FUTURE
47,Aluminium Market to Hit USD  Billion by   Fortune Business Insights
48,Global Anodic Aluminium Oxide Wafer Market Report  Increased Use Of AAO Nanopores As A Protective Layer Boosts Growth
49,Mazda Wants a RotaryEquipped Sports Car as Badly as We Do
50,Elon Musk Should Not Be In Charge of the Night Sky
51,"Homeowner is ordered to rip out , 'high quality' gates he installed on luxury barn conversion"
52,Homelab Analog Telephone Exchange
53,Ready To Deo Cycle
54,Individual investors own  of Press Metal Aluminium Holdings Berhad KLSEPMETAL shares but private companies control  of the company
55,Colombia VP Marquez says security foiled assassination attempt
56,Netherlands emerging as key export destination for India amid jump in shipments of petroleum products
57,Metal Fiber Market is expected to grow from USD  billion in  to USD  billion by   GreyViews
58,"Next stop, Twatt My tour of Britain’s fantastically filthy placenames"
59,COIL   SALES OF €M UP  ON THE PREVIOUS YEAR
60,Global Anodic Aluminium Oxide Wafer Market Report  Sector to Reach  Million by  at a  CAGR
61,Aluminium Composite Panels Market will surpass USD  billion by   GreyViews
62,Compact Leica Cine  laser TV projector brings the brand into a new realm
63,First look at Rimowa’s new collaboration with cult skate brand Palace
64,A Look At The Past  Present Of The Bulgari Aluminium Watch Collection
65,Single Screen Premium Aluminium Monitor Arm Stand   Officeworks
66,Kuusakoski invests  M€ to meet increasing demand in pure recycled metal products
67,German Industry Moves Past Worst of Energy Crunch Battle
68,Analogg  layout wireless QMKVIA mechanical keyboard
69,South sees shipping delays tying up cash in inventory
70,Why we need new stories on climate  Rebecca Solnit
71,"North American Aluminium Producers, Traders, and Suppliers Directory   ResearchAndMarketscom"
72,eBay Plus Weisshorn Camping Table Roll Up Foldable Picnic Outdoor  Delivered  ozplaza eBay
73,Investing in Press Metal Aluminium Holdings Berhad KLSEPMETAL three years ago would have delivered you a  gain
74,Make the great Lord Sauron himself jealous with this LOTR keyboard
75,Lian Li Galahad mm AIO CPU Cooler Black  Delivered  PC Case Gear
76,"The Global Aluminum Extrusion Market is forecast to grow by  mn t during , accelerating at a CAGR of  during the forecast period"
77,China  aluminium imports fall  on lower demand
78,"Quntis ScreenLinear PRO review bright, comfortable monitor lightbar"
79,The littleknown timebomb that every landlord should be aware of
80,Intex Excursion Pro K Kayak w Aluminium Oar   Delivery  with OnePass  Catch
81,Aluminium M  SSD Heatsink pcs US A Delivered  RGeek Flagship Store AliExpress
82,Alashi Aluminium Laptop Holder   Delivery Free with Prime   Spend at Runrong AU via Amazon
83,Corsair Vengeance GB xGB MHz CL DDR RAM  Paperback Book  Delivered  Amazon US via AU
84," KTM  Adventure revised, new spoked wheels"
85," Vespa   Anniversario limited edition celebrates Year of the Rabbit, , units produced"
86,"Bar None ShampooConditioner Bar , ShampooConditioner Concentrate   Woolworths"
87,Wheels India rolls out flow form technology equipped in cast alloy wheel
88,"MercedesEQ  Formula E Team Ebike , Delivered Save ,  N Plus Bikes"
89,"Lenovo ThinkBook p G H, GB DDR, GB SSD, RTX GB,  K nits Dolby Vision   Del  FutureGear eBay"
90,China's  aluminium output hits record high  million tonnes
91,Project NSX The Exterior Evolution
92,"The Global Aluminum FlatRolled Products FRP Market is forecast to grow by  bn during , decelerating at a CAGR of  during the forecast period"
93,"Out of Nile, into tile Young Egyptians battle plastic plague"
94, BMW  Series And M Get iDrive  And Other Updates
95,Aerocool Aluminium Type C  USB Charger with  AC Power Outlet    eBay Plus Delivered  Harris Technology eBay
96,Moccona Barista Reserve Latte  Intensity   Aluminium Capsules  Delivered for subscribe and Save  Amazon AU
97,Inflation is still a threat – it may pay to play it safe
98,Win  Worth Of Gaming Accessories With ROCCAT
99,"Shop The Chunky, Colourful Furniture You’ve Seen All Over The Internet"
100,Aluminium Dunkerque to relaunch idled capacity 
101,Column Power problems rein in global aluminium output growth 
102,Column China hikes aluminium tariffs but export boom already over 
103, Aluminium Cans Cast Into A Guitar
104,Supermarket ditches mini wine bottle to opt for ‘vin in a tin’
105,China's  aluminium output hits record high  mln tonnes 
106,South sees shipping delays tying up cash in inventory 
107,Alcoa reverts to gas for fuelling alumina refineries in Western Australia 
108,India's Vedanta profit plummets  on soft metal prices com
109,Column Base metals start the new year with depleted inventory com
110,"EU concerns on green subsidy law are top US priority, US trade  "
111,Column Analysts wary of base metals after China recovery rally 
112,Chevron restarts production at Wheatstone gas plant 
113,Liberty Steel suspends some UK plants due to power prices 
114,Breakingviews  European gas savings success hides darker reality com
115,"Simandou iron ore project to restart in March, Guinea says "
116,"Potanin says sanctions constrain Nornickel, force it to adjust strategy "
117,EU urges European banks to step up funding for critical minerals 
118,Concrete is one of the world’s most harmful materials Graphene could change that
119,Creative Vandalism The KITT Way
120,DIY Capacitor Leakage Tester With a Professional Finish
121,An Open Hardware Automatic Spinning Machine
122,"Column While Dr Copper waits for China, China buys more copper com"
123,A sixpack of sauvignon could canned wine help save the planet
124,Plastic bottle deposit return scheme finally looks set to start in England
125,Samsung Galaxy S launch MP cameras and bigger batteries
126,Robotic Acrobot Aces The Moves
127,"Jony Ive, designer of the iPhone and iPod, just designed a ‘clown nose’ for a British charity"
128,Column China's power sector emissions set to jump as economy  
129,The unfinished business of sporting laws and when rulemakers go too far
130,"To get to netzero, we will need to make mining 'naturepositive  "
131,Waitrose to sell wine in cans
132,DIY Hidden Poker Table built into regular IKEA dining table
133,Bright idea how to use dye to refresh your wardrobe
134,The InfinitelyAdjustable RingLightLike Poise Lamp
135,Kevin Daly designs canopied building to be welcoming as the shadow beneath a tree
136,Super slim filament stand DThursday DPrinting
137,Keiji Ashizawa adds Blue Bottle Coffee shop to Kobe department store
138,Surman Weston nestles geometric pool house in gardens of Surrey home
139,Studio CL creates Santiago apartment building as exercise in microdensity
140,Stride Treglown completes site for the Deaf Academy in Exmouth
141,Caspar Schols Takes the Concept of Lodging Once Step Further with ANNA Cabin
142,Caspar Schols Takes the Concept of Lodging Once Step Further with ANNA Cabin
143,Building Ghana's Aluminium Empire Leveraging Resources And Infrastructure To Become A Major Player In The Global Market
144,GSL Gallery takes over disused Parisian factory with punk interiors
145,Now or never exhibition visualises the carbon emissions of common materials
146,ALUMINIUM DUFFEL PREPARES FOR ITS FUTURE
147,Aluminium Market to Hit USD  Billion by   Fortune Business Insights
148,Global Anodic Aluminium Oxide Wafer Market Report  Increased Use Of AAO Nanopores As A Protective Layer Boosts Growth
149,Mazda Wants a RotaryEquipped Sports Car as Badly as We Do
150,Elon Musk Should Not Be In Charge of the Night Sky
151,"Homeowner is ordered to rip out , 'high quality' gates he installed on luxury barn conversion"
152,Homelab Analog Telephone Exchange
153,Ready To Deo Cycle
154,Individual investors own  of Press Metal Aluminium Holdings Berhad KLSEPMETAL shares but private companies control  of the company
155,Colombia VP Marquez says security foiled assassination attempt
156,Netherlands emerging as key export destination for India amid jump in shipments of petroleum products
157,Metal Fiber Market is expected to grow from USD  billion in  to USD  billion by   GreyViews
158,"Next stop, Twatt My tour of Britain’s fantastically filthy placenames"
159,COIL   SALES OF €M UP  ON THE PREVIOUS YEAR
160,Global Anodic Aluminium Oxide Wafer Market Report  Sector to Reach  Million by  at a  CAGR
161,Aluminium Composite Panels Market will surpass USD  billion by   GreyViews
162,Compact Leica Cine  laser TV projector brings the brand into a new realm
163,First look at Rimowa’s new collaboration with cult skate brand Palace
164,A Look At The Past  Present Of The Bulgari Aluminium Watch Collection
165,Single Screen Premium Aluminium Monitor Arm Stand   Officeworks
166,Kuusakoski invests  M€ to meet increasing demand in pure recycled metal products
167,German Industry Moves Past Worst of Energy Crunch Battle
168,Analogg  layout wireless QMKVIA mechanical keyboard
169,South sees shipping delays tying up cash in inventory
170,Why we need new stories on climate  Rebecca Solnit
171,"North American Aluminium Producers, Traders, and Suppliers Directory   ResearchAndMarketscom"
172,eBay Plus Weisshorn Camping Table Roll Up Foldable Picnic Outdoor  Delivered  ozplaza eBay
173,Investing in Press Metal Aluminium Holdings Berhad KLSEPMETAL three years ago would have delivered you a  gain
174,Make the great Lord Sauron himself jealous with this LOTR keyboard
175,Lian Li Galahad mm AIO CPU Cooler Black  Delivered  PC Case Gear
176,"The Global Aluminum Extrusion Market is forecast to grow by  mn t during , accelerating at a CAGR of  during the forecast period"
177,China  aluminium imports fall  on lower demand
178,"Quntis ScreenLinear PRO review bright, comfortable monitor lightbar"
179,The littleknown timebomb that every landlord should be aware of
180,Intex Excursion Pro K Kayak w Aluminium Oar   Delivery  with OnePass  Catch
181,Aluminium M  SSD Heatsink pcs US A Delivered  RGeek Flagship Store AliExpress
182,Alashi Aluminium Laptop Holder   Delivery Free with Prime   Spend at Runrong AU via Amazon
183,Corsair Vengeance GB xGB MHz CL DDR RAM  Paperback Book  Delivered  Amazon US via AU
184," KTM  Adventure revised, new spoked wheels"
185," Vespa   Anniversario limited edition celebrates Year of the Rabbit, , units produced"
186,"Bar None ShampooConditioner Bar , ShampooConditioner Concentrate   Woolworths"
187,Wheels India rolls out flow form technology equipped in cast alloy wheel
188,"MercedesEQ  Formula E Team Ebike , Delivered Save ,  N Plus Bikes"
189,"Lenovo ThinkBook p G H, GB DDR, GB SSD, RTX GB,  K nits Dolby Vision   Del  FutureGear eBay"
190,China's  aluminium output hits record high  million tonnes
191,Project NSX The Exterior Evolution
192,"The Global Aluminum FlatRolled Products FRP Market is forecast to grow by  bn during , decelerating at a CAGR of  during the forecast period"
193,"Out of Nile, into tile Young Egyptians battle plastic plague"
194, BMW  Series And M Get iDrive  And Other Updates
195,Aerocool Aluminium Type C  USB Charger with  AC Power Outlet    eBay Plus Delivered  Harris Technology eBay
196,Moccona Barista Reserve Latte  Intensity   Aluminium Capsules  Delivered for subscribe and Save  Amazon AU
197,Inflation is still a threat – it may pay to play it safe
198,Win  Worth Of Gaming Accessories With ROCCAT
199,"Shop The Chunky, Colourful Furniture You’ve Seen All Over The Internet"
200,Aluminium Dunkerque to relaunch idled capacity 
201,Column Power problems rein in global aluminium output growth 
202,Column China hikes aluminium tariffs but export boom already over 
203, Aluminium Cans Cast Into A Guitar
204,Supermarket ditches mini wine bottle to opt for ‘vin in a tin’
205,China's  aluminium output hits record high  mln tonnes 
206,South sees shipping delays tying up cash in inventory 
207,Alcoa reverts to gas for fuelling alumina refineries in Western Australia 
208,India's Vedanta profit plummets  on soft metal prices com
209,Column Base metals start the new year with depleted inventory com
210,"EU concerns on green subsidy law are top US priority, US trade  "
211,Column Analysts wary of base metals after China recovery rally 
212,Chevron restarts production at Wheatstone gas plant 
213,Liberty Steel suspends some UK plants due to power prices 
214,Breakingviews  European gas savings success hides darker reality com
215,"Simandou iron ore project to restart in March, Guinea says "
216,"Potanin says sanctions constrain Nornickel, force it to adjust strategy "
217,EU urges European banks to step up funding for critical minerals 
218,Concrete is one of the world’s most harmful materials Graphene could change that
219,Creative Vandalism The KITT Way
220,DIY Capacitor Leakage Tester With a Professional Finish
221,An Open Hardware Automatic Spinning Machine
222,"Column While Dr Copper waits for China, China buys more copper com"
223,A sixpack of sauvignon could canned wine help save the planet
224,Plastic bottle deposit return scheme finally looks set to start in England
225,Samsung Galaxy S launch MP cameras and bigger batteries
226,Robotic Acrobot Aces The Moves
227,"Jony Ive, designer of the iPhone and iPod, just designed a ‘clown nose’ for a British charity"
228,Column China's power sector emissions set to jump as economy  
229,The unfinished business of sporting laws and when rulemakers go too far
230,"To get to netzero, we will need to make mining 'naturepositive  "
231,Waitrose to sell wine in cans
232,DIY Hidden Poker Table built into regular IKEA dining table
233,Bright idea how to use dye to refresh your wardrobe
234,The InfinitelyAdjustable RingLightLike Poise Lamp
235,Kevin Daly designs canopied building to be welcoming as the shadow beneath a tree
236,Super slim filament stand DThursday DPrinting
237,Keiji Ashizawa adds Blue Bottle Coffee shop to Kobe department store
238,Surman Weston nestles geometric pool house in gardens of Surrey home
239,Studio CL creates Santiago apartment building as exercise in microdensity
240,Stride Treglown completes site for the Deaf Academy in Exmouth
241,Caspar Schols Takes the Concept of Lodging Once Step Further with ANNA Cabin
242,Caspar Schols Takes the Concept of Lodging Once Step Further with ANNA Cabin
243,Building Ghana's Aluminium Empire Leveraging Resources And Infrastructure To Become A Major Player In The Global Market
244,GSL Gallery takes over disused Parisian factory with punk interiors
245,Now or never exhibition visualises the carbon emissions of common materials
246,ALUMINIUM DUFFEL PREPARES FOR ITS FUTURE
247,Aluminium Market to Hit USD  Billion by   Fortune Business Insights
248,Global Anodic Aluminium Oxide Wafer Market Report  Increased Use Of AAO Nanopores As A Protective Layer Boosts Growth
249,Mazda Wants a RotaryEquipped Sports Car as Badly as We Do
250,Elon Musk Should Not Be In Charge of the Night Sky
251,"Homeowner is ordered to rip out , 'high quality' gates he installed on luxury barn conversion"
252,Homelab Analog Telephone Exchange
253,Ready To Deo Cycle
254,Individual investors own  of Press Metal Aluminium Holdings Berhad KLSEPMETAL shares but private companies control  of the company
255,Colombia VP Marquez says security foiled assassination attempt
256,Netherlands emerging as key export destination for India amid jump in shipments of petroleum products
257,Metal Fiber Market is expected to grow from USD  billion in  to USD  billion by   GreyViews
258,"Next stop, Twatt My tour of Britain’s fantastically filthy placenames"
259,COIL   SALES OF €M UP  ON THE PREVIOUS YEAR
260,Global Anodic Aluminium Oxide Wafer Market Report  Sector to Reach  Million by  at a  CAGR
261,Aluminium Composite Panels Market will surpass USD  billion by   GreyViews
262,Compact Leica Cine  laser TV projector brings the brand into a new realm
263,First look at Rimowa’s new collaboration with cult skate brand Palace
264,A Look At The Past  Present Of The Bulgari Aluminium Watch Collection
265,Single Screen Premium Aluminium Monitor Arm Stand   Officeworks
266,Kuusakoski invests  M€ to meet increasing demand in pure recycled metal products
267,German Industry Moves Past Worst of Energy Crunch Battle
268,Analogg  layout wireless QMKVIA mechanical keyboard
269,South sees shipping delays tying up cash in inventory
270,Why we need new stories on climate  Rebecca Solnit
271,"North American Aluminium Producers, Traders, and Suppliers Directory   ResearchAndMarketscom"
272,eBay Plus Weisshorn Camping Table Roll Up Foldable Picnic Outdoor  Delivered  ozplaza eBay
273,Investing in Press Metal Aluminium Holdings Berhad KLSEPMETAL three years ago would have delivered you a  gain
274,Make the great Lord Sauron himself jealous with this LOTR keyboard
275,Lian Li Galahad mm AIO CPU Cooler Black  Delivered  PC Case Gear
276,"The Global Aluminum Extrusion Market is forecast to grow by  mn t during , accelerating at a CAGR of  during the forecast period"
277,China  aluminium imports fall  on lower demand
278,"Quntis ScreenLinear PRO review bright, comfortable monitor lightbar"
279,The littleknown timebomb that every landlord should be aware of
280,Intex Excursion Pro K Kayak w Aluminium Oar   Delivery  with OnePass  Catch
281,Aluminium M  SSD Heatsink pcs US A Delivered  RGeek Flagship Store AliExpress
282,Alashi Aluminium Laptop Holder   Delivery Free with Prime   Spend at Runrong AU via Amazon
283,Corsair Vengeance GB xGB MHz CL DDR RAM  Paperback Book  Delivered  Amazon US via AU
284," KTM  Adventure revised, new spoked wheels"
285," Vespa   Anniversario limited edition celebrates Year of the Rabbit, , units produced"
286,"Bar None ShampooConditioner Bar , ShampooConditioner Concentrate   Woolworths"
287,Wheels India rolls out flow form technology equipped in cast alloy wheel
288,"MercedesEQ  Formula E Team Ebike , Delivered Save ,  N Plus Bikes"
289,"Lenovo ThinkBook p G H, GB DDR, GB SSD, RTX GB,  K nits Dolby Vision   Del  FutureGear eBay"
290,China's  aluminium output hits record high  million tonnes
291,Project NSX The Exterior Evolution
292,"The Global Aluminum FlatRolled Products FRP Market is forecast to grow by  bn during , decelerating at a CAGR of  during the forecast period"
293,"Out of Nile, into tile Young Egyptians battle plastic plague"
294, BMW  Series And M Get iDrive  And Other Updates
295,Aerocool Aluminium Type C  USB Charger with  AC Power Outlet    eBay Plus Delivered  Harris Technology eBay
296,Moccona Barista Reserve Latte  Intensity   Aluminium Capsules  Delivered for subscribe and Save  Amazon AU
297,Inflation is still a threat – it may pay to play it safe
298,Win  Worth Of Gaming Accessories With ROCCAT
299,"Shop The Chunky, Colourful Furniture You’ve Seen All Over The Internet"
300,Aluminium Dunkerque to relaunch idled capacity 
301,Column Power problems rein in global aluminium output growth 
302,Column China hikes aluminium tariffs but export boom already over 
303, Aluminium Cans Cast Into A Guitar
304,Supermarket ditches mini wine bottle to opt for ‘vin in a tin’
305,China's  aluminium output hits record high  mln tonnes 
306,South sees shipping delays tying up cash in inventory 
307,Alcoa reverts to gas for fuelling alumina refineries in Western Australia 
308,India's Vedanta profit plummets  on soft metal prices com
309,Column Base metals start the new year with depleted inventory com
310,"EU concerns on green subsidy law are top US priority, US trade  "
311,Column Analysts wary of base metals after China recovery rally 
312,Chevron restarts production at Wheatstone gas plant 
313,Liberty Steel suspends some UK plants due to power prices 
314,Breakingviews  European gas savings success hides darker reality com
315,"Simandou iron ore project to restart in March, Guinea says "
316,"Potanin says sanctions constrain Nornickel, force it to adjust strategy "
317,EU urges European banks to step up funding for critical minerals 
318,Concrete is one of the world’s most harmful materials Graphene could change that
319,Creative Vandalism The KITT Way
320,DIY Capacitor Leakage Tester With a Professional Finish
321,An Open Hardware Automatic Spinning Machine
322,"Column While Dr Copper waits for China, China buys more copper com"
323,A sixpack of sauvignon could canned wine help save the planet
324,Plastic bottle deposit return scheme finally looks set to start in England
325,Samsung Galaxy S launch MP cameras and bigger batteries
326,Robotic Acrobot Aces The Moves
327,"Jony Ive, designer of the iPhone and iPod, just designed a ‘clown nose’ for a British charity"
328,Column China's power sector emissions set to jump as economy  
329,The unfinished business of sporting laws and when rulemakers go too far
330,"To get to netzero, we will need to make mining 'naturepositive  "
331,Waitrose to sell wine in cans
332,DIY Hidden Poker Table built into regular IKEA dining table
333,Bright idea how to use dye to refresh your wardrobe
334,The InfinitelyAdjustable RingLightLike Poise Lamp
335,Kevin Daly designs canopied building to be welcoming as the shadow beneath a tree
336,Super slim filament stand DThursday DPrinting
337,Keiji Ashizawa adds Blue Bottle Coffee shop to Kobe department store
338,Surman Weston nestles geometric pool house in gardens of Surrey home
339,Studio CL creates Santiago apartment building as exercise in microdensity
340,Stride Treglown completes site for the Deaf Academy in Exmouth
341,Caspar Schols Takes the Concept of Lodging Once Step Further with ANNA Cabin
342,Caspar Schols Takes the Concept of Lodging Once Step Further with ANNA Cabin
343,Building Ghana's Aluminium Empire Leveraging Resources And Infrastructure To Become A Major Player In The Global Market
344,GSL Gallery takes over disused Parisian factory with punk interiors
345,Now or never exhibition visualises the carbon emissions of common materials
346,ALUMINIUM DUFFEL PREPARES FOR ITS FUTURE
347,Aluminium Market to Hit USD  Billion by   Fortune Business Insights
348,Global Anodic Aluminium Oxide Wafer Market Report  Increased Use Of AAO Nanopores As A Protective Layer Boosts Growth
349,Mazda Wants a RotaryEquipped Sports Car as Badly as We Do
350,Elon Musk Should Not Be In Charge of the Night Sky
351,"Homeowner is ordered to rip out , 'high quality' gates he installed on luxury barn conversion"
352,Homelab Analog Telephone Exchange
353,Ready To Deo Cycle
354,Individual investors own  of Press Metal Aluminium Holdings Berhad KLSEPMETAL shares but private companies control  of the company
355,Colombia VP Marquez says security foiled assassination attempt
356,Netherlands emerging as key export destination for India amid jump in shipments of petroleum products
357,Metal Fiber Market is expected to grow from USD  billion in  to USD  billion by   GreyViews
358,"Next stop, Twatt My tour of Britain’s fantastically filthy placenames"
359,COIL   SALES OF €M UP  ON THE PREVIOUS YEAR
360,Global Anodic Aluminium Oxide Wafer Market Report  Sector to Reach  Million by  at a  CAGR
361,Aluminium Composite Panels Market will surpass USD  billion by   GreyViews
362,Compact Leica Cine  laser TV projector brings the brand into a new realm
363,First look at Rimowa’s new collaboration with cult skate brand Palace
364,A Look At The Past  Present Of The Bulgari Aluminium Watch Collection
365,Single Screen Premium Aluminium Monitor Arm Stand   Officeworks
366,Kuusakoski invests  M€ to meet increasing demand in pure recycled metal products
367,German Industry Moves Past Worst of Energy Crunch Battle
368,Analogg  layout wireless QMKVIA mechanical keyboard
369,South sees shipping delays tying up cash in inventory
370,Why we need new stories on climate  Rebecca Solnit
371,"North American Aluminium Producers, Traders, and Suppliers Directory   ResearchAndMarketscom"
372,eBay Plus Weisshorn Camping Table Roll Up Foldable Picnic Outdoor  Delivered  ozplaza eBay
373,Investing in Press Metal Aluminium Holdings Berhad KLSEPMETAL three years ago would have delivered you a  gain
374,Make the great Lord Sauron himself jealous with this LOTR keyboard
375,Lian Li Galahad mm AIO CPU Cooler Black  Delivered  PC Case Gear
376,"The Global Aluminum Extrusion Market is forecast to grow by  mn t during , accelerating at a CAGR of  during the forecast period"
377,China  aluminium imports fall  on lower demand
378,"Quntis ScreenLinear PRO review bright, comfortable monitor lightbar"
379,The littleknown timebomb that every landlord should be aware of
380,Intex Excursion Pro K Kayak w Aluminium Oar   Delivery  with OnePass  Catch
381,Aluminium M  SSD Heatsink pcs US A Delivered  RGeek Flagship Store AliExpress
382,Alashi Aluminium Laptop Holder   Delivery Free with Prime   Spend at Runrong AU via Amazon
383,Corsair Vengeance GB xGB MHz CL DDR RAM  Paperback Book  Delivered  Amazon US via AU
384," KTM  Adventure revised, new spoked wheels"
385," Vespa   Anniversario limited edition celebrates Year of the Rabbit, , units produced"
386,"Bar None ShampooConditioner Bar , ShampooConditioner Concentrate   Woolworths"
387,Wheels India rolls out flow form technology equipped in cast alloy wheel
388,"MercedesEQ  Formula E Team Ebike , Delivered Save ,  N Plus Bikes"
389,"Lenovo ThinkBook p G H, GB DDR, GB SSD, RTX GB,  K nits Dolby Vision   Del  FutureGear eBay"
390,China's  aluminium output hits record high  million tonnes
391,Project NSX The Exterior Evolution
392,"The Global Aluminum FlatRolled Products FRP Market is forecast to grow by  bn during , decelerating at a CAGR of  during the forecast period"
393,"Out of Nile, into tile Young Egyptians battle plastic plague"
394, BMW  Series And M Get iDrive  And Other Updates
395,Aerocool Aluminium Type C  USB Charger with  AC Power Outlet    eBay Plus Delivered  Harris Technology eBay
396,Moccona Barista Reserve Latte  Intensity   Aluminium Capsules  Delivered for subscribe and Save  Amazon AU
397,Inflation is still a threat – it may pay to play it safe
398,Win  Worth Of Gaming Accessories With ROCCAT
399,"Shop The Chunky, Colourful Furniture You’ve Seen All Over The Internet"
400,Aluminium Dunkerque to relaunch idled capacity 
401,Column Power problems rein in global aluminium output growth 
402,Column China hikes aluminium tariffs but export boom already over 
403, Aluminium Cans Cast Into A Guitar
404,Supermarket ditches mini wine bottle to opt for ‘vin in a tin’
405,China's  aluminium output hits record high  mln tonnes 
406,South sees shipping delays tying up cash in inventory 
407,Alcoa reverts to gas for fuelling alumina refineries in Western Australia 
408,India's Vedanta profit plummets  on soft metal prices com
409,Column Base metals start the new year with depleted inventory com
410,"EU concerns on green subsidy law are top US priority, US trade  "
411,Column Analysts wary of base metals after China recovery rally 
412,Chevron restarts production at Wheatstone gas plant 
413,Liberty Steel suspends some UK plants due to power prices 
414,Breakingviews  European gas savings success hides darker reality com
415,"Simandou iron ore project to restart in March, Guinea says "
416,"Potanin says sanctions constrain Nornickel, force it to adjust strategy "
417,EU urges European banks to step up funding for critical minerals 
418,Concrete is one of the world’s most harmful materials Graphene could change that
419,Creative Vandalism The KITT Way
420,DIY Capacitor Leakage Tester With a Professional Finish
421,An Open Hardware Automatic Spinning Machine
422,"Column While Dr Copper waits for China, China buys more copper com"
423,A sixpack of sauvignon could canned wine help save the planet
424,Plastic bottle deposit return scheme finally looks set to start in England
425,Samsung Galaxy S launch MP cameras and bigger batteries
426,Robotic Acrobot Aces The Moves
427,"Jony Ive, designer of the iPhone and iPod, just designed a ‘clown nose’ for a British charity"
428,Column China's power sector emissions set to jump as economy  
429,The unfinished business of sporting laws and when rulemakers go too far
430,"To get to netzero, we will need to make mining 'naturepositive  "
431,Waitrose to sell wine in cans
432,DIY Hidden Poker Table built into regular IKEA dining table
433,Bright idea how to use dye to refresh your wardrobe
434,The InfinitelyAdjustable RingLightLike Poise Lamp
435,Kevin Daly designs canopied building to be welcoming as the shadow beneath a tree
436,Super slim filament stand DThursday DPrinting
437,Keiji Ashizawa adds Blue Bottle Coffee shop to Kobe department store
438,Surman Weston nestles geometric pool house in gardens of Surrey home
439,Studio CL creates Santiago apartment building as exercise in microdensity
440,Stride Treglown completes site for the Deaf Academy in Exmouth
441,Caspar Schols Takes the Concept of Lodging Once Step Further with ANNA Cabin
442,Caspar Schols Takes the Concept of Lodging Once Step Further with ANNA Cabin
443,Building Ghana's Aluminium Empire Leveraging Resources And Infrastructure To Become A Major Player In The Global Market
444,GSL Gallery takes over disused Parisian factory with punk interiors
445,Now or never exhibition visualises the carbon emissions of common materials
446,ALUMINIUM DUFFEL PREPARES FOR ITS FUTURE
447,Aluminium Market to Hit USD  Billion by   Fortune Business Insights
448,Global Anodic Aluminium Oxide Wafer Market Report  Increased Use Of AAO Nanopores As A Protective Layer Boosts Growth
449,Mazda Wants a RotaryEquipped Sports Car as Badly as We Do
450,Elon Musk Should Not Be In Charge of the Night Sky
451,"Homeowner is ordered to rip out , 'high quality' gates he installed on luxury barn conversion"
452,Homelab Analog Telephone Exchange
453,Ready To Deo Cycle
454,Individual investors own  of Press Metal Aluminium Holdings Berhad KLSEPMETAL shares but private companies control  of the company
455,Colombia VP Marquez says security foiled assassination attempt
456,Netherlands emerging as key export destination for India amid jump in shipments of petroleum products
457,Metal Fiber Market is expected to grow from USD  billion in  to USD  billion by   GreyViews
458,"Next stop, Twatt My tour of Britain’s fantastically filthy placenames"
459,COIL   SALES OF €M UP  ON THE PREVIOUS YEAR
460,Global Anodic Aluminium Oxide Wafer Market Report  Sector to Reach  Million by  at a  CAGR
461,Aluminium Composite Panels Market will surpass USD  billion by   GreyViews
462,Compact Leica Cine  laser TV projector brings the brand into a new realm
463,First look at Rimowa’s new collaboration with cult skate brand Palace
464,A Look At The Past  Present Of The Bulgari Aluminium Watch Collection
465,Single Screen Premium Aluminium Monitor Arm Stand   Officeworks
466,Kuusakoski invests  M€ to meet increasing demand in pure recycled metal products
467,German Industry Moves Past Worst of Energy Crunch Battle
468,Analogg  layout wireless QMKVIA mechanical keyboard
469,South sees shipping delays tying up cash in inventory
470,Why we need new stories on climate  Rebecca Solnit
471,"North American Aluminium Producers, Traders, and Suppliers Directory   ResearchAndMarketscom"
472,eBay Plus Weisshorn Camping Table Roll Up Foldable Picnic Outdoor  Delivered  ozplaza eBay
473,Investing in Press Metal Aluminium Holdings Berhad KLSEPMETAL three years ago would have delivered you a  gain
474,Make the great Lord Sauron himself jealous with this LOTR keyboard
475,Lian Li Galahad mm AIO CPU Cooler Black  Delivered  PC Case Gear
476,"The Global Aluminum Extrusion Market is forecast to grow by  mn t during , accelerating at a CAGR of  during the forecast period"
477,China  aluminium imports fall  on lower demand
478,"Quntis ScreenLinear PRO review bright, comfortable monitor lightbar"
479,The littleknown timebomb that every landlord should be aware of
480,Intex Excursion Pro K Kayak w Aluminium Oar   Delivery  with OnePass  Catch
481,Aluminium M  SSD Heatsink pcs US A Delivered  RGeek Flagship Store AliExpress
482,Alashi Aluminium Laptop Holder   Delivery Free with Prime   Spend at Runrong AU via Amazon
483,Corsair Vengeance GB xGB MHz CL DDR RAM  Paperback Book  Delivered  Amazon US via AU
484," KTM  Adventure revised, new spoked wheels"
485," Vespa   Anniversario limited edition celebrates Year of the Rabbit, , units produced"
486,"Bar None ShampooConditioner Bar , ShampooConditioner Concentrate   Woolworths"
487,Wheels India rolls out flow form technology equipped in cast alloy wheel
488,"MercedesEQ  Formula E Team Ebike , Delivered Save ,  N Plus Bikes"
489,"Lenovo ThinkBook p G H, GB DDR, GB SSD, RTX GB,  K nits Dolby Vision   Del  FutureGear eBay"
490,China's  aluminium output hits record high  million tonnes
491,Project NSX The Exterior Evolution
492,"The Global Aluminum FlatRolled Products FRP Market is forecast to grow by  bn during , decelerating at a CAGR of  during the forecast period"
493,"Out of Nile, into tile Young Egyptians battle plastic plague"
494, BMW  Series And M Get iDrive  And Other Updates
495,Aerocool Aluminium Type C  USB Charger with  AC Power Outlet    eBay Plus Delivered  Harris Technology eBay
496,Moccona Barista Reserve Latte  Intensity   Aluminium Capsules  Delivered for subscribe and Save  Amazon AU
497,Inflation is still a threat – it may pay to play it safe
498,Win  Worth Of Gaming Accessories With ROCCAT
499,"Shop The Chunky, Colourful Furniture You’ve Seen All Over The Internet"
500,Aluminium Dunkerque to relaunch idled capacity 
501,Column Power problems rein in global aluminium output growth 
502,Column China hikes aluminium tariffs but export boom already over 
503, Aluminium Cans Cast Into A Guitar
504,Supermarket ditches mini wine bottle to opt for ‘vin in a tin’
505,China's  aluminium output hits record high  mln tonnes 
506,South sees shipping delays tying up cash in inventory 
507,Alcoa reverts to gas for fuelling alumina refineries in Western Australia 
508,India's Vedanta profit plummets  on soft metal prices com
509,Column Base metals start the new year with depleted inventory com
510,"EU concerns on green subsidy law are top US priority, US trade  "
511,Column Analysts wary of base metals after China recovery rally 
512,Chevron restarts production at Wheatstone gas plant 
513,Liberty Steel suspends some UK plants due to power prices 
514,Breakingviews  European gas savings success hides darker reality com
515,"Simandou iron ore project to restart in March, Guinea says "
516,"Potanin says sanctions constrain Nornickel, force it to adjust strategy "
517,EU urges European banks to step up funding for critical minerals 
518,Concrete is one of the world’s most harmful materials Graphene could change that
519,Creative Vandalism The KITT Way
520,DIY Capacitor Leakage Tester With a Professional Finish
521,An Open Hardware Automatic Spinning Machine
522,"Column While Dr Copper waits for China, China buys more copper com"
523,A sixpack of sauvignon could canned wine help save the planet
524,Plastic bottle deposit return scheme finally looks set to start in England
525,Samsung Galaxy S launch MP cameras and bigger batteries
526,Robotic Acrobot Aces The Moves
527,"Jony Ive, designer of the iPhone and iPod, just designed a ‘clown nose’ for a British charity"
528,Column China's power sector emissions set to jump as economy  
529,The unfinished business of sporting laws and when rulemakers go too far
530,"To get to netzero, we will need to make mining 'naturepositive  "
531,Waitrose to sell wine in cans
532,DIY Hidden Poker Table built into regular IKEA dining table
533,Bright idea how to use dye to refresh your wardrobe
534,The InfinitelyAdjustable RingLightLike Poise Lamp
535,Kevin Daly designs canopied building to be welcoming as the shadow beneath a tree
536,Super slim filament stand DThursday DPrinting
537,Keiji Ashizawa adds Blue Bottle Coffee shop to Kobe department store
538,Surman Weston nestles geometric pool house in gardens of Surrey home
539,Studio CL creates Santiago apartment building as exercise in microdensity
540,Stride Treglown completes site for the Deaf Academy in Exmouth
541,Caspar Schols Takes the Concept of Lodging Once Step Further with ANNA Cabin
542,Caspar Schols Takes the Concept of Lodging Once Step Further with ANNA Cabin
543,Building Ghana's Aluminium Empire Leveraging Resources And Infrastructure To Become A Major Player In The Global Market
544,GSL Gallery takes over disused Parisian factory with punk interiors
545,Now or never exhibition visualises the carbon emissions of common materials
546,ALUMINIUM DUFFEL PREPARES FOR ITS FUTURE
547,Aluminium Market to Hit USD  Billion by   Fortune Business Insights
548,Global Anodic Aluminium Oxide Wafer Market Report  Increased Use Of AAO Nanopores As A Protective Layer Boosts Growth
549,Mazda Wants a RotaryEquipped Sports Car as Badly as We Do
550,Elon Musk Should Not Be In Charge of the Night Sky
551,"Homeowner is ordered to rip out , 'high quality' gates he installed on luxury barn conversion"
552,Homelab Analog Telephone Exchange
553,Ready To Deo Cycle
554,Individual investors own  of Press Metal Aluminium Holdings Berhad KLSEPMETAL shares but private companies control  of the company
555,Colombia VP Marquez says security foiled assassination attempt
556,Netherlands emerging as key export destination for India amid jump in shipments of petroleum products
557,Metal Fiber Market is expected to grow from USD  billion in  to USD  billion by   GreyViews
558,"Next stop, Twatt My tour of Britain’s fantastically filthy placenames"
559,COIL   SALES OF €M UP  ON THE PREVIOUS YEAR
560,Global Anodic Aluminium Oxide Wafer Market Report  Sector to Reach  Million by  at a  CAGR
561,Aluminium Composite Panels Market will surpass USD  billion by   GreyViews
562,Compact Leica Cine  laser TV projector brings the brand into a new realm
563,First look at Rimowa’s new collaboration with cult skate brand Palace
564,A Look At The Past  Present Of The Bulgari Aluminium Watch Collection
565,Single Screen Premium Aluminium Monitor Arm Stand   Officeworks
566,Kuusakoski invests  M€ to meet increasing demand in pure recycled metal products
567,German Industry Moves Past Worst of Energy Crunch Battle
568,Analogg  layout wireless QMKVIA mechanical keyboard
569,South sees shipping delays tying up cash in inventory
570,Why we need new stories on climate  Rebecca Solnit
571,"North American Aluminium Producers, Traders, and Suppliers Directory   ResearchAndMarketscom"
572,eBay Plus Weisshorn Camping Table Roll Up Foldable Picnic Outdoor  Delivered  ozplaza eBay
573,Investing in Press Metal Aluminium Holdings Berhad KLSEPMETAL three years ago would have delivered you a  gain
574,Make the great Lord Sauron himself jealous with this LOTR keyboard
575,Lian Li Galahad mm AIO CPU Cooler Black  Delivered  PC Case Gear
576,"The Global Aluminum Extrusion Market is forecast to grow by  mn t during , accelerating at a CAGR of  during the forecast period"
577,China  aluminium imports fall  on lower demand
578,"Quntis ScreenLinear PRO review bright, comfortable monitor lightbar"
579,The littleknown timebomb that every landlord should be aware of
580,Intex Excursion Pro K Kayak w Aluminium Oar   Delivery  with OnePass  Catch
581,Aluminium M  SSD Heatsink pcs US A Delivered  RGeek Flagship Store AliExpress
582,Alashi Aluminium Laptop Holder   Delivery Free with Prime   Spend at Runrong AU via Amazon
583,Corsair Vengeance GB xGB MHz CL DDR RAM  Paperback Book  Delivered  Amazon US via AU
584," KTM  Adventure revised, new spoked wheels"
585," Vespa   Anniversario limited edition celebrates Year of the Rabbit, , units produced"
586,"Bar None ShampooConditioner Bar , ShampooConditioner Concentrate   Woolworths"
587,Wheels India rolls out flow form technology equipped in cast alloy wheel
588,"MercedesEQ  Formula E Team Ebike , Delivered Save ,  N Plus Bikes"
589,"Lenovo ThinkBook p G H, GB DDR, GB SSD, RTX GB,  K nits Dolby Vision   Del  FutureGear eBay"
590,China's  aluminium output hits record high  million tonnes
591,Project NSX The Exterior Evolution
592,"The Global Aluminum FlatRolled Products FRP Market is forecast to grow by  bn during , decelerating at a CAGR of  during the forecast period"
593,"Out of Nile, into tile Young Egyptians battle plastic plague"
594, BMW  Series And M Get iDrive  And Other Updates
595,Aerocool Aluminium Type C  USB Charger with  AC Power Outlet    eBay Plus Delivered  Harris Technology eBay
596,Moccona Barista Reserve Latte  Intensity   Aluminium Capsules  Delivered for subscribe and Save  Amazon AU
597,Inflation is still a threat – it may pay to play it safe
598,Win  Worth Of Gaming Accessories With ROCCAT
599,"Shop The Chunky, Colourful Furniture You’ve Seen All Over The Internet"
600,Aluminium Dunkerque to relaunch idled capacity 
601,Column Power problems rein in global aluminium output growth 
602,Column China hikes aluminium tariffs but export boom already over 
603, Aluminium Cans Cast Into A Guitar
604,Supermarket ditches mini wine bottle to opt for ‘vin in a tin’
605,China's  aluminium output hits record high  mln tonnes 
606,South sees shipping delays tying up cash in inventory 
607,Alcoa reverts to gas for fuelling alumina refineries in Western Australia 
608,India's Vedanta profit plummets  on soft metal prices com
609,Column Base metals start the new year with depleted inventory com
610,"EU concerns on green subsidy law are top US priority, US trade  "
611,Column Analysts wary of base metals after China recovery rally 
612,Chevron restarts production at Wheatstone gas plant 
613,Liberty Steel suspends some UK plants due to power prices 
614,Breakingviews  European gas savings success hides darker reality com
615,"Simandou iron ore project to restart in March, Guinea says "
616,"Potanin says sanctions constrain Nornickel, force it to adjust strategy "
617,EU urges European banks to step up funding for critical minerals 
618,Concrete is one of the world’s most harmful materials Graphene could change that
619,Creative Vandalism The KITT Way
620,DIY Capacitor Leakage Tester With a Professional Finish
621,An Open Hardware Automatic Spinning Machine
622,"Column While Dr Copper waits for China, China buys more copper com"
623,A sixpack of sauvignon could canned wine help save the planet
624,Plastic bottle deposit return scheme finally looks set to start in England
625,Samsung Galaxy S launch MP cameras and bigger batteries
626,Robotic Acrobot Aces The Moves
627,"Jony Ive, designer of the iPhone and iPod, just designed a ‘clown nose’ for a British charity"
628,Column China's power sector emissions set to jump as economy  
629,The unfinished business of sporting laws and when rulemakers go too far
630,"To get to netzero, we will need to make mining 'naturepositive  "
631,Waitrose to sell wine in cans
632,DIY Hidden Poker Table built into regular IKEA dining table
633,Bright idea how to use dye to refresh your wardrobe
634,The InfinitelyAdjustable RingLightLike Poise Lamp
635,Kevin Daly designs canopied building to be welcoming as the shadow beneath a tree
636,Super slim filament stand DThursday DPrinting
637,Keiji Ashizawa adds Blue Bottle Coffee shop to Kobe department store
638,Surman Weston nestles geometric pool house in gardens of Surrey home
639,Studio CL creates Santiago apartment building as exercise in microdensity
640,Stride Treglown completes site for the Deaf Academy in Exmouth
641,Caspar Schols Takes the Concept of Lodging Once Step Further with ANNA Cabin
642,Caspar Schols Takes the Concept of Lodging Once Step Further with ANNA Cabin
643,Building Ghana's Aluminium Empire Leveraging Resources And Infrastructure To Become A Major Player In The Global Market
644,GSL Gallery takes over disused Parisian factory with punk interiors
645,Now or never exhibition visualises the carbon emissions of common materials
646,ALUMINIUM DUFFEL PREPARES FOR ITS FUTURE
647,Aluminium Market to Hit USD  Billion by   Fortune Business Insights
648,Global Anodic Aluminium Oxide Wafer Market Report  Increased Use Of AAO Nanopores As A Protective Layer Boosts Growth
649,Mazda Wants a RotaryEquipped Sports Car as Badly as We Do
650,Elon Musk Should Not Be In Charge of the Night Sky
651,"Homeowner is ordered to rip out , 'high quality' gates he installed on luxury barn conversion"
652,Homelab Analog Telephone Exchange
653,Ready To Deo Cycle
654,Individual investors own  of Press Metal Aluminium Holdings Berhad KLSEPMETAL shares but private companies control  of the company
655,Colombia VP Marquez says security foiled assassination attempt
656,Netherlands emerging as key export destination for India amid jump in shipments of petroleum products
657,Metal Fiber Market is expected to grow from USD  billion in  to USD  billion by   GreyViews
658,"Next stop, Twatt My tour of Britain’s fantastically filthy placenames"
659,COIL   SALES OF €M UP  ON THE PREVIOUS YEAR
660,Global Anodic Aluminium Oxide Wafer Market Report  Sector to Reach  Million by  at a  CAGR
661,Aluminium Composite Panels Market will surpass USD  billion by   GreyViews
662,Compact Leica Cine  laser TV projector brings the brand into a new realm
663,First look at Rimowa’s new collaboration with cult skate brand Palace
664,A Look At The Past  Present Of The Bulgari Aluminium Watch Collection
665,Single Screen Premium Aluminium Monitor Arm Stand   Officeworks
666,Kuusakoski invests  M€ to meet increasing demand in pure recycled metal products
667,German Industry Moves Past Worst of Energy Crunch Battle
668,Analogg  layout wireless QMKVIA mechanical keyboard
669,South sees shipping delays tying up cash in inventory
670,Why we need new stories on climate  Rebecca Solnit
671,"North American Aluminium Producers, Traders, and Suppliers Directory   ResearchAndMarketscom"
672,eBay Plus Weisshorn Camping Table Roll Up Foldable Picnic Outdoor  Delivered  ozplaza eBay
673,Investing in Press Metal Aluminium Holdings Berhad KLSEPMETAL three years ago would have delivered you a  gain
674,Make the great Lord Sauron himself jealous with this LOTR keyboard
675,Lian Li Galahad mm AIO CPU Cooler Black  Delivered  PC Case Gear
676,"The Global Aluminum Extrusion Market is forecast to grow by  mn t during , accelerating at a CAGR of  during the forecast period"
677,China  aluminium imports fall  on lower demand
678,"Quntis ScreenLinear PRO review bright, comfortable monitor lightbar"
679,The littleknown timebomb that every landlord should be aware of
680,Intex Excursion Pro K Kayak w Aluminium Oar   Delivery  with OnePass  Catch
681,Aluminium M  SSD Heatsink pcs US A Delivered  RGeek Flagship Store AliExpress
682,Alashi Aluminium Laptop Holder   Delivery Free with Prime   Spend at Runrong AU via Amazon
683,Corsair Vengeance GB xGB MHz CL DDR RAM  Paperback Book  Delivered  Amazon US via AU
684," KTM  Adventure revised, new spoked wheels"
685," Vespa   Anniversario limited edition celebrates Year of the Rabbit, , units produced"
686,"Bar None ShampooConditioner Bar , ShampooConditioner Concentrate   Woolworths"
687,Wheels India rolls out flow form technology equipped in cast alloy wheel
688,"MercedesEQ  Formula E Team Ebike , Delivered Save ,  N Plus Bikes"
689,"Lenovo ThinkBook p G H, GB DDR, GB SSD, RTX GB,  K nits Dolby Vision   Del  FutureGear eBay"
690,China's  aluminium output hits record high  million tonnes
691,Project NSX The Exterior Evolution
692,"The Global Aluminum FlatRolled Products FRP Market is forecast to grow by  bn during , decelerating at a CAGR of  during the forecast period"
693,"Out of Nile, into tile Young Egyptians battle plastic plague"
694, BMW  Series And M Get iDrive  And Other Updates
695,Aerocool Aluminium Type C  USB Charger with  AC Power Outlet    eBay Plus Delivered  Harris Technology eBay
696,Moccona Barista Reserve Latte  Intensity   Aluminium Capsules  Delivered for subscribe and Save  Amazon AU
697,Inflation is still a threat – it may pay to play it safe
698,Win  Worth Of Gaming Accessories With ROCCAT
699,"Shop The Chunky, Colourful Furniture You’ve Seen All Over The Internet"
700,Aluminium Dunkerque to relaunch idled capacity 
701,Column Power problems rein in global aluminium output growth 
702,Column China hikes aluminium tariffs but export boom already over 
703, Aluminium Cans Cast Into A Guitar
704,Supermarket ditches mini wine bottle to opt for ‘vin in a tin’
705,China's  aluminium output hits record high  mln tonnes 
706,South sees shipping delays tying up cash in inventory 
707,Alcoa reverts to gas for fuelling alumina refineries in Western Australia 
708,India's Vedanta profit plummets  on soft metal prices com
709,Column Base metals start the new year with depleted inventory com
710,"EU concerns on green subsidy law are top US priority, US trade  "
711,Column Analysts wary of base metals after China recovery rally 
712,Chevron restarts production at Wheatstone gas plant 
713,Liberty Steel suspends some UK plants due to power prices 
714,Breakingviews  European gas savings success hides darker reality com
715,"Simandou iron ore project to restart in March, Guinea says "
716,"Potanin says sanctions constrain Nornickel, force it to adjust strategy "
717,EU urges European banks to step up funding for critical minerals 
718,Concrete is one of the world’s most harmful materials Graphene could change that
719,Creative Vandalism The KITT Way
720,DIY Capacitor Leakage Tester With a Professional Finish
721,An Open Hardware Automatic Spinning Machine
722,"Column While Dr Copper waits for China, China buys more copper com"
723,A sixpack of sauvignon could canned wine help save the planet
724,Plastic bottle deposit return scheme finally looks set to start in England
725,Samsung Galaxy S launch MP cameras and bigger batteries
726,Robotic Acrobot Aces The Moves
727,"Jony Ive, designer of the iPhone and iPod, just designed a ‘clown nose’ for a British charity"
728,Column China's power sector emissions set to jump as economy  
729,The unfinished business of sporting laws and when rulemakers go too far
730,"To get to netzero, we will need to make mining 'naturepositive  "
731,Waitrose to sell wine in cans
732,DIY Hidden Poker Table built into regular IKEA dining table
733,Bright idea how to use dye to refresh your wardrobe
734,The InfinitelyAdjustable RingLightLike Poise Lamp
735,Kevin Daly designs canopied building to be welcoming as the shadow beneath a tree
736,Super slim filament stand DThursday DPrinting
737,Keiji Ashizawa adds Blue Bottle Coffee shop to Kobe department store
738,Surman Weston nestles geometric pool house in gardens of Surrey home
739,Studio CL creates Santiago apartment building as exercise in microdensity
740,Stride Treglown completes site for the Deaf Academy in Exmouth
741,Caspar Schols Takes the Concept of Lodging Once Step Further with ANNA Cabin
742,Caspar Schols Takes the Concept of Lodging Once Step Further with ANNA Cabin
743,Building Ghana's Aluminium Empire Leveraging Resources And Infrastructure To Become A Major Player In The Global Market
744,GSL Gallery takes over disused Parisian factory with punk interiors
745,Now or never exhibition visualises the carbon emissions of common materials
746,ALUMINIUM DUFFEL PREPARES FOR ITS FUTURE
747,Aluminium Market to Hit USD  Billion by   Fortune Business Insights
748,Global Anodic Aluminium Oxide Wafer Market Report  Increased Use Of AAO Nanopores As A Protective Layer Boosts Growth
749,Mazda Wants a RotaryEquipped Sports Car as Badly as We Do
750,Elon Musk Should Not Be In Charge of the Night Sky
751,"Homeowner is ordered to rip out , 'high quality' gates he installed on luxury barn conversion"
752,Homelab Analog Telephone Exchange
753,Ready To Deo Cycle
754,Individual investors own  of Press Metal Aluminium Holdings Berhad KLSEPMETAL shares but private companies control  of the company
755,Colombia VP Marquez says security foiled assassination attempt
756,Netherlands emerging as key export destination for India amid jump in shipments of petroleum products
757,Metal Fiber Market is expected to grow from USD  billion in  to USD  billion by   GreyViews
758,"Next stop, Twatt My tour of Britain’s fantastically filthy placenames"
759,COIL   SALES OF €M UP  ON THE PREVIOUS YEAR
760,Global Anodic Aluminium Oxide Wafer Market Report  Sector to Reach  Million by  at a  CAGR
761,Aluminium Composite Panels Market will surpass USD  billion by   GreyViews
762,Compact Leica Cine  laser TV projector brings the brand into a new realm
763,First look at Rimowa’s new collaboration with cult skate brand Palace
764,A Look At The Past  Present Of The Bulgari Aluminium Watch Collection
765,Single Screen Premium Aluminium Monitor Arm Stand   Officeworks
766,Kuusakoski invests  M€ to meet increasing demand in pure recycled metal products
767,German Industry Moves Past Worst of Energy Crunch Battle
768,Analogg  layout wireless QMKVIA mechanical keyboard
769,South sees shipping delays tying up cash in inventory
770,Why we need new stories on climate  Rebecca Solnit
771,"North American Aluminium Producers, Traders, and Suppliers Directory   ResearchAndMarketscom"
772,eBay Plus Weisshorn Camping Table Roll Up Foldable Picnic Outdoor  Delivered  ozplaza eBay
773,Investing in Press Metal Aluminium Holdings Berhad KLSEPMETAL three years ago would have delivered you a  gain
774,Make the great Lord Sauron himself jealous with this LOTR keyboard
775,Lian Li Galahad mm AIO CPU Cooler Black  Delivered  PC Case Gear
776,"The Global Aluminum Extrusion Market is forecast to grow by  mn t during , accelerating at a CAGR of  during the forecast period"
777,China  aluminium imports fall  on lower demand
778,"Quntis ScreenLinear PRO review bright, comfortable monitor lightbar"
779,The littleknown timebomb that every landlord should be aware of
780,Intex Excursion Pro K Kayak w Aluminium Oar   Delivery  with OnePass  Catch
781,Aluminium M  SSD Heatsink pcs US A Delivered  RGeek Flagship Store AliExpress
782,Alashi Aluminium Laptop Holder   Delivery Free with Prime   Spend at Runrong AU via Amazon
783,Corsair Vengeance GB xGB MHz CL DDR RAM  Paperback Book  Delivered  Amazon US via AU
784," KTM  Adventure revised, new spoked wheels"
785," Vespa   Anniversario limited edition celebrates Year of the Rabbit, , units produced"
786,"Bar None ShampooConditioner Bar , ShampooConditioner Concentrate   Woolworths"
787,Wheels India rolls out flow form technology equipped in cast alloy wheel
788,"MercedesEQ  Formula E Team Ebike , Delivered Save ,  N Plus Bikes"
789,"Lenovo ThinkBook p G H, GB DDR, GB SSD, RTX GB,  K nits Dolby Vision   Del  FutureGear eBay"
790,China's  aluminium output hits record high  million tonnes
791,Project NSX The Exterior Evolution
792,"The Global Aluminum FlatRolled Products FRP Market is forecast to grow by  bn during , decelerating at a CAGR of  during the forecast period"
793,"Out of Nile, into tile Young Egyptians battle plastic plague"
794, BMW  Series And M Get iDrive  And Other Updates
795,Aerocool Aluminium Type C  USB Charger with  AC Power Outlet    eBay Plus Delivered  Harris Technology eBay
796,Moccona Barista Reserve Latte  Intensity   Aluminium Capsules  Delivered for subscribe and Save  Amazon AU
797,Inflation is still a threat – it may pay to play it safe
798,Win  Worth Of Gaming Accessories With ROCCAT
799,"Shop The Chunky, Colourful Furniture You’ve Seen All Over The Internet"
800,Aluminium Dunkerque to relaunch idled capacity 
801,Column Power problems rein in global aluminium output growth 
802,Column China hikes aluminium tariffs but export boom already over 
803, Aluminium Cans Cast Into A Guitar
804,Supermarket ditches mini wine bottle to opt for ‘vin in a tin’
805,China's  aluminium output hits record high  mln tonnes 
806,South sees shipping delays tying up cash in inventory 
807,Alcoa reverts to gas for fuelling alumina refineries in Western Australia 
808,India's Vedanta profit plummets  on soft metal prices com
809,Column Base metals start the new year with depleted inventory com
810,"EU concerns on green subsidy law are top US priority, US trade  "
811,Column Analysts wary of base metals after China recovery rally 
812,Chevron restarts production at Wheatstone gas plant 
813,Liberty Steel suspends some UK plants due to power prices 
814,Breakingviews  European gas savings success hides darker reality com
815,"Simandou iron ore project to restart in March, Guinea says "
816,"Potanin says sanctions constrain Nornickel, force it to adjust strategy "
817,EU urges European banks to step up funding for critical minerals 
818,Concrete is one of the world’s most harmful materials Graphene could change that
819,Creative Vandalism The KITT Way
820,DIY Capacitor Leakage Tester With a Professional Finish
821,An Open Hardware Automatic Spinning Machine
822,"Column While Dr Copper waits for China, China buys more copper com"
823,A sixpack of sauvignon could canned wine help save the planet
824,Plastic bottle deposit return scheme finally looks set to start in England
825,Samsung Galaxy S launch MP cameras and bigger batteries
826,Robotic Acrobot Aces The Moves
827,"Jony Ive, designer of the iPhone and iPod, just designed a ‘clown nose’ for a British charity"
828,Column China's power sector emissions set to jump as economy  
829,The unfinished business of sporting laws and when rulemakers go too far
830,"To get to netzero, we will need to make mining 'naturepositive  "
831,Waitrose to sell wine in cans
832,DIY Hidden Poker Table built into regular IKEA dining table
833,Bright idea how to use dye to refresh your wardrobe
834,The InfinitelyAdjustable RingLightLike Poise Lamp
835,Kevin Daly designs canopied building to be welcoming as the shadow beneath a tree
836,Super slim filament stand DThursday DPrinting
837,Keiji Ashizawa adds Blue Bottle Coffee shop to Kobe department store
838,Surman Weston nestles geometric pool house in gardens of Surrey home
839,Studio CL creates Santiago apartment building as exercise in microdensity
840,Stride Treglown completes site for the Deaf Academy in Exmouth
841,Caspar Schols Takes the Concept of Lodging Once Step Further with ANNA Cabin
842,Caspar Schols Takes the Concept of Lodging Once Step Further with ANNA Cabin
843,Building Ghana's Aluminium Empire Leveraging Resources And Infrastructure To Become A Major Player In The Global Market
844,GSL Gallery takes over disused Parisian factory with punk interiors
845,Now or never exhibition visualises the carbon emissions of common materials
846,ALUMINIUM DUFFEL PREPARES FOR ITS FUTURE
847,Aluminium Market to Hit USD  Billion by   Fortune Business Insights
848,Global Anodic Aluminium Oxide Wafer Market Report  Increased Use Of AAO Nanopores As A Protective Layer Boosts Growth
849,Mazda Wants a RotaryEquipped Sports Car as Badly as We Do
850,Elon Musk Should Not Be In Charge of the Night Sky
851,"Homeowner is ordered to rip out , 'high quality' gates he installed on luxury barn conversion"
852,Homelab Analog Telephone Exchange
853,Ready To Deo Cycle
854,Individual investors own  of Press Metal Aluminium Holdings Berhad KLSEPMETAL shares but private companies control  of the company
855,Colombia VP Marquez says security foiled assassination attempt
856,Netherlands emerging as key export destination for India amid jump in shipments of petroleum products
857,Metal Fiber Market is expected to grow from USD  billion in  to USD  billion by   GreyViews
858,"Next stop, Twatt My tour of Britain’s fantastically filthy placenames"
859,COIL   SALES OF €M UP  ON THE PREVIOUS YEAR
860,Global Anodic Aluminium Oxide Wafer Market Report  Sector to Reach  Million by  at a  CAGR
861,Aluminium Composite Panels Market will surpass USD  billion by   GreyViews
862,Compact Leica Cine  laser TV projector brings the brand into a new realm
863,First look at Rimowa’s new collaboration with cult skate brand Palace
864,A Look At The Past  Present Of The Bulgari Aluminium Watch Collection
865,Single Screen Premium Aluminium Monitor Arm Stand   Officeworks
866,Kuusakoski invests  M€ to meet increasing demand in pure recycled metal products
867,German Industry Moves Past Worst of Energy Crunch Battle
868,Analogg  layout wireless QMKVIA mechanical keyboard
869,South sees shipping delays tying up cash in inventory
870,Why we need new stories on climate  Rebecca Solnit
871,"North American Aluminium Producers, Traders, and Suppliers Directory   ResearchAndMarketscom"
872,eBay Plus Weisshorn Camping Table Roll Up Foldable Picnic Outdoor  Delivered  ozplaza eBay
873,Investing in Press Metal Aluminium Holdings Berhad KLSEPMETAL three years ago would have delivered you a  gain
874,Make the great Lord Sauron himself jealous with this LOTR keyboard
875,Lian Li Galahad mm AIO CPU Cooler Black  Delivered  PC Case Gear
876,"The Global Aluminum Extrusion Market is forecast to grow by  mn t during , accelerating at a CAGR of  during the forecast period"
877,China  aluminium imports fall  on lower demand
878,"Quntis ScreenLinear PRO review bright, comfortable monitor lightbar"
879,The littleknown timebomb that every landlord should be aware of
880,Intex Excursion Pro K Kayak w Aluminium Oar   Delivery  with OnePass  Catch
881,Aluminium M  SSD Heatsink pcs US A Delivered  RGeek Flagship Store AliExpress
882,Alashi Aluminium Laptop Holder   Delivery Free with Prime   Spend at Runrong AU via Amazon
883,Corsair Vengeance GB xGB MHz CL DDR RAM  Paperback Book  Delivered  Amazon US via AU
884," KTM  Adventure revised, new spoked wheels"
885," Vespa   Anniversario limited edition celebrates Year of the Rabbit, , units produced"
886,"Bar None ShampooConditioner Bar , ShampooConditioner Concentrate   Woolworths"
887,Wheels India rolls out flow form technology equipped in cast alloy wheel
888,"MercedesEQ  Formula E Team Ebike , Delivered Save ,  N Plus Bikes"
889,"Lenovo ThinkBook p G H, GB DDR, GB SSD, RTX GB,  K nits Dolby Vision   Del  FutureGear eBay"
890,China's  aluminium output hits record high  million tonnes
891,Project NSX The Exterior Evolution
892,"The Global Aluminum FlatRolled Products FRP Market is forecast to grow by  bn during , decelerating at a CAGR of  during the forecast period"
893,"Out of Nile, into tile Young Egyptians battle plastic plague"
894, BMW  Series And M Get iDrive  And Other Updates
895,Aerocool Aluminium Type C  USB Charger with  AC Power Outlet    eBay Plus Delivered  Harris Technology eBay
896,Moccona Barista Reserve Latte  Intensity   Aluminium Capsules  Delivered for subscribe and Save  Amazon AU
897,Inflation is still a threat – it may pay to play it safe
898,Win  Worth Of Gaming Accessories With ROCCAT
899,"Shop The Chunky, Colourful Furniture You’ve Seen All Over The Internet"
900,Aluminium Dunkerque to relaunch idled capacity 
901,Column Power problems rein in global aluminium output growth 
902,Column China hikes aluminium tariffs but export boom already over 
903, Aluminium Cans Cast Into A Guitar
904,Supermarket ditches mini wine bottle to opt for ‘vin in a tin’
905,China's  aluminium output hits record high  mln tonnes 
906,South sees shipping delays tying up cash in inventory 
907,Alcoa reverts to gas for fuelling alumina refineries in Western Australia 
908,India's Vedanta profit plummets  on soft metal prices com
909,Column Base metals start the new year with depleted inventory com
910,"EU concerns on green subsidy law are top US priority, US trade  "
911,Column Analysts wary of base metals after China recovery rally 
912,Chevron restarts production at Wheatstone gas plant 
913,Liberty Steel suspends some UK plants due to power prices 
914,Breakingviews  European gas savings success hides darker reality com
915,"Simandou iron ore project to restart in March, Guinea says "
916,"Potanin says sanctions constrain Nornickel, force it to adjust strategy "
917,EU urges European banks to step up funding for critical minerals 
918,Concrete is one of the world’s most harmful materials Graphene could change that
919,Creative Vandalism The KITT Way
920,DIY Capacitor Leakage Tester With a Professional Finish
921,An Open Hardware Automatic Spinning Machine
922,"Column While Dr Copper waits for China, China buys more copper com"
923,A sixpack of sauvignon could canned wine help save the planet
924,Plastic bottle deposit return scheme finally looks set to start in England
925,Samsung Galaxy S launch MP cameras and bigger batteries
926,Robotic Acrobot Aces The Moves
927,"Jony Ive, designer of the iPhone and iPod, just designed a ‘clown nose’ for a British charity"
928,Column China's power sector emissions set to jump as economy  
929,The unfinished business of sporting laws and when rulemakers go too far
930,"To get to netzero, we will need to make mining 'naturepositive  "
931,Waitrose to sell wine in cans
932,DIY Hidden Poker Table built into regular IKEA dining table
933,Bright idea how to use dye to refresh your wardrobe
934,The InfinitelyAdjustable RingLightLike Poise Lamp
935,Kevin Daly designs canopied building to be welcoming as the shadow beneath a tree
936,Super slim filament stand DThursday DPrinting
937,Keiji Ashizawa adds Blue Bottle Coffee shop to Kobe department store
938,Surman Weston nestles geometric pool house in gardens of Surrey home
939,Studio CL creates Santiago apartment building as exercise in microdensity
940,Stride Treglown completes site for the Deaf Academy in Exmouth
941,Caspar Schols Takes the Concept of Lodging Once Step Further with ANNA Cabin
942,Caspar Schols Takes the Concept of Lodging Once Step Further with ANNA Cabin
943,Building Ghana's Aluminium Empire Leveraging Resources And Infrastructure To Become A Major Player In The Global Market
944,GSL Gallery takes over disused Parisian factory with punk interiors
945,Now or never exhibition visualises the carbon emissions of common materials
946,ALUMINIUM DUFFEL PREPARES FOR ITS FUTURE
947,Aluminium Market to Hit USD  Billion by   Fortune Business Insights
948,Global Anodic Aluminium Oxide Wafer Market Report  Increased Use Of AAO Nanopores As A Protective Layer Boosts Growth
949,Mazda Wants a RotaryEquipped Sports Car as Badly as We Do
950,Elon Musk Should Not Be In Charge of the Night Sky
951,"Homeowner is ordered to rip out , 'high quality' gates he installed on luxury barn conversion"
952,Homelab Analog Telephone Exchange
953,Ready To Deo Cycle
954,Individual investors own  of Press Metal Aluminium Holdings Berhad KLSEPMETAL shares but private companies control  of the company
955,Colombia VP Marquez says security foiled assassination attempt
956,Netherlands emerging as key export destination for India amid jump in shipments of petroleum products
957,Metal Fiber Market is expected to grow from USD  billion in  to USD  billion by   GreyViews
958,"Next stop, Twatt My tour of Britain’s fantastically filthy placenames"
959,COIL   SALES OF €M UP  ON THE PREVIOUS YEAR
960,Global Anodic Aluminium Oxide Wafer Market Report  Sector to Reach  Million by  at a  CAGR
961,Aluminium Composite Panels Market will surpass USD  billion by   GreyViews
962,Compact Leica Cine  laser TV projector brings the brand into a new realm
963,First look at Rimowa’s new collaboration with cult skate brand Palace
964,A Look At The Past  Present Of The Bulgari Aluminium Watch Collection
965,Single Screen Premium Aluminium Monitor Arm Stand   Officeworks
966,Kuusakoski invests  M€ to meet increasing demand in pure recycled metal products
967,German Industry Moves Past Worst of Energy Crunch Battle
968,Analogg  layout wireless QMKVIA mechanical keyboard
969,South sees shipping delays tying up cash in inventory
970,Why we need new stories on climate  Rebecca Solnit
971,"North American Aluminium Producers, Traders, and Suppliers Directory   ResearchAndMarketscom"
972,eBay Plus Weisshorn Camping Table Roll Up Foldable Picnic Outdoor  Delivered  ozplaza eBay
973,Investing in Press Metal Aluminium Holdings Berhad KLSEPMETAL three years ago would have delivered you a  gain
974,Make the great Lord Sauron himself jealous with this LOTR keyboard
975,Lian Li Galahad mm AIO CPU Cooler Black  Delivered  PC Case Gear
976,"The Global Aluminum Extrusion Market is forecast to grow by  mn t during , accelerating at a CAGR of  during the forecast period"
977,China  aluminium imports fall  on lower demand
978,"Quntis ScreenLinear PRO review bright, comfortable monitor lightbar"
979,The littleknown timebomb that every landlord should be aware of
980,Intex Excursion Pro K Kayak w Aluminium Oar   Delivery  with OnePass  Catch
981,Aluminium M  SSD Heatsink pcs US A Delivered  RGeek Flagship Store AliExpress
982,Alashi Aluminium Laptop Holder   Delivery Free with Prime   Spend at Runrong AU via Amazon
983,Corsair Vengeance GB xGB MHz CL DDR RAM  Paperback Book  Delivered  Amazon US via AU
984," KTM  Adventure revised, new spoked wheels"
985," Vespa   Anniversario limited edition celebrates Year of the Rabbit, , units produced"
986,"Bar None ShampooConditioner Bar , ShampooConditioner Concentrate   Woolworths"
987,Wheels India rolls out flow form technology equipped in cast alloy wheel
988,"MercedesEQ  Formula E Team Ebike , Delivered Save ,  N Plus Bikes"
989,"Lenovo ThinkBook p G H, GB DDR, GB SSD, RTX GB,  K nits Dolby Vision   Del  FutureGear eBay"
990,China's  aluminium output hits record high  million tonnes
991,Project NSX The Exterior Evolution
992,"The Global Aluminum FlatRolled Products FRP Market is forecast to grow by  bn during , decelerating at a CAGR of  during the forecast period"
993,"Out of Nile, into tile Young Egyptians battle plastic plague"
994, BMW  Series And M Get iDrive  And Other Updates
995,Aerocool Aluminium Type C  USB Charger with  AC Power Outlet    eBay Plus Delivered  Harris Technology eBay
996,Moccona Barista Reserve Latte  Intensity   Aluminium Capsules  Delivered for subscribe and Save  Amazon AU
997,Inflation is still a threat – it may pay to play it safe
998,Win  Worth Of Gaming Accessories With ROCCAT
999,"Shop The Chunky, Colourful Furniture You’ve Seen All Over The Internet"
1000,Aluminium Dunkerque to relaunch idled capacity 
1001,Column Power problems rein in global aluminium output growth 
1002,Column China hikes aluminium tariffs but export boom already over 
1003, Aluminium Cans Cast Into A Guitar
1004,Supermarket ditches mini wine bottle to opt for ‘vin in a tin’
1005,China's  aluminium output hits record high  mln tonnes 
1006,South sees shipping delays tying up cash in inventory 
1007,Alcoa reverts to gas for fuelling alumina refineries in Western Australia 
1008,India's Vedanta profit plummets  on soft metal prices com
1009,Column Base metals start the new year with depleted inventory com
1010,"EU concerns on green subsidy law are top US priority, US trade  "
1011,Column Analysts wary of base metals after China recovery rally 
1012,Chevron restarts production at Wheatstone gas plant 
1013,Liberty Steel suspends some UK plants due to power prices 
1014,Breakingviews  European gas savings success hides darker reality com
1015,"Simandou iron ore project to restart in March, Guinea says "
1016,"Potanin says sanctions constrain Nornickel, force it to adjust strategy "
1017,EU urges European banks to step up funding for critical minerals 
1018,Concrete is one of the world’s most harmful materials Graphene could change that
1019,Creative Vandalism The KITT Way
1020,DIY Capacitor Leakage Tester With a Professional Finish
1021,An Open Hardware Automatic Spinning Machine
1022,"Column While Dr Copper waits for China, China buys more copper com"
1023,A sixpack of sauvignon could canned wine help save the planet
1024,Plastic bottle deposit return scheme finally looks set to start in England
1025,Samsung Galaxy S launch MP cameras and bigger batteries
1026,Robotic Acrobot Aces The Moves
1027,"Jony Ive, designer of the iPhone and iPod, just designed a ‘clown nose’ for a British charity"
1028,Column China's power sector emissions set to jump as economy  
1029,The unfinished business of sporting laws and when rulemakers go too far
1030,"To get to netzero, we will need to make mining 'naturepositive  "
1031,Waitrose to sell wine in cans
1032,DIY Hidden Poker Table built into regular IKEA dining table
1033,Bright idea how to use dye to refresh your wardrobe
1034,The InfinitelyAdjustable RingLightLike Poise Lamp
1035,Kevin Daly designs canopied building to be welcoming as the shadow beneath a tree
1036,Super slim filament stand DThursday DPrinting
1037,Keiji Ashizawa adds Blue Bottle Coffee shop to Kobe department store
1038,Surman Weston nestles geometric pool house in gardens of Surrey home
1039,Studio CL creates Santiago apartment building as exercise in microdensity
1040,Stride Treglown completes site for the Deaf Academy in Exmouth
1041,Caspar Schols Takes the Concept of Lodging Once Step Further with ANNA Cabin
1042,Caspar Schols Takes the Concept of Lodging Once Step Further with ANNA Cabin
1043,Building Ghana's Aluminium Empire Leveraging Resources And Infrastructure To Become A Major Player In The Global Market
1044,GSL Gallery takes over disused Parisian factory with punk interiors
1045,Now or never exhibition visualises the carbon emissions of common materials
1046,ALUMINIUM DUFFEL PREPARES FOR ITS FUTURE
1047,Aluminium Market to Hit USD  Billion by   Fortune Business Insights
1048,Global Anodic Aluminium Oxide Wafer Market Report  Increased Use Of AAO Nanopores As A Protective Layer Boosts Growth
1049,Mazda Wants a RotaryEquipped Sports Car as Badly as We Do
1050,Elon Musk Should Not Be In Charge of the Night Sky
1051,"Homeowner is ordered to rip out , 'high quality' gates he installed on luxury barn conversion"
1052,Homelab Analog Telephone Exchange
1053,Ready To Deo Cycle
1054,Individual investors own  of Press Metal Aluminium Holdings Berhad KLSEPMETAL shares but private companies control  of the company
1055,Colombia VP Marquez says security foiled assassination attempt
1056,Netherlands emerging as key export destination for India amid jump in shipments of petroleum products
1057,Metal Fiber Market is expected to grow from USD  billion in  to USD  billion by   GreyViews
1058,"Next stop, Twatt My tour of Britain’s fantastically filthy placenames"
1059,COIL   SALES OF €M UP  ON THE PREVIOUS YEAR
1060,Global Anodic Aluminium Oxide Wafer Market Report  Sector to Reach  Million by  at a  CAGR
1061,Aluminium Composite Panels Market will surpass USD  billion by   GreyViews
1062,Compact Leica Cine  laser TV projector brings the brand into a new realm
1063,First look at Rimowa’s new collaboration with cult skate brand Palace
1064,A Look At The Past  Present Of The Bulgari Aluminium Watch Collection
1065,Single Screen Premium Aluminium Monitor Arm Stand   Officeworks
1066,Kuusakoski invests  M€ to meet increasing demand in pure recycled metal products
1067,German Industry Moves Past Worst of Energy Crunch Battle
1068,Analogg  layout wireless QMKVIA mechanical keyboard
1069,South sees shipping delays tying up cash in inventory
1070,Why we need new stories on climate  Rebecca Solnit
1071,"North American Aluminium Producers, Traders, and Suppliers Directory   ResearchAndMarketscom"
1072,eBay Plus Weisshorn Camping Table Roll Up Foldable Picnic Outdoor  Delivered  ozplaza eBay
1073,Investing in Press Metal Aluminium Holdings Berhad KLSEPMETAL three years ago would have delivered you a  gain
1074,Make the great Lord Sauron himself jealous with this LOTR keyboard
1075,Lian Li Galahad mm AIO CPU Cooler Black  Delivered  PC Case Gear
1076,"The Global Aluminum Extrusion Market is forecast to grow by  mn t during , accelerating at a CAGR of  during the forecast period"
1077,China  aluminium imports fall  on lower demand
1078,"Quntis ScreenLinear PRO review bright, comfortable monitor lightbar"
1079,The littleknown timebomb that every landlord should be aware of
1080,Intex Excursion Pro K Kayak w Aluminium Oar   Delivery  with OnePass  Catch
1081,Aluminium M  SSD Heatsink pcs US A Delivered  RGeek Flagship Store AliExpress
1082,Alashi Aluminium Laptop Holder   Delivery Free with Prime   Spend at Runrong AU via Amazon
1083,Corsair Vengeance GB xGB MHz CL DDR RAM  Paperback Book  Delivered  Amazon US via AU
1084," KTM  Adventure revised, new spoked wheels"
1085," Vespa   Anniversario limited edition celebrates Year of the Rabbit, , units produced"
1086,"Bar None ShampooConditioner Bar , ShampooConditioner Concentrate   Woolworths"
1087,Wheels India rolls out flow form technology equipped in cast alloy wheel
1088,"MercedesEQ  Formula E Team Ebike , Delivered Save ,  N Plus Bikes"
1089,"Lenovo ThinkBook p G H, GB DDR, GB SSD, RTX GB,  K nits Dolby Vision   Del  FutureGear eBay"
1090,China's  aluminium output hits record high  million tonnes
1091,Project NSX The Exterior Evolution
1092,"The Global Aluminum FlatRolled Products FRP Market is forecast to grow by  bn during , decelerating at a CAGR of  during the forecast period"
1093,"Out of Nile, into tile Young Egyptians battle plastic plague"
1094, BMW  Series And M Get iDrive  And Other Updates
1095,Aerocool Aluminium Type C  USB Charger with  AC Power Outlet    eBay Plus Delivered  Harris Technology eBay
1096,Moccona Barista Reserve Latte  Intensity   Aluminium Capsules  Delivered for subscribe and Save  Amazon AU
1097,Inflation is still a threat – it may pay to play it safe
1098,Win  Worth Of Gaming Accessories With ROCCAT
1099,"Shop The Chunky, Colourful Furniture You’ve Seen All Over The Internet"
1100,Aluminium Dunkerque to relaunch idled capacity 
1101,Column Power problems rein in global aluminium output growth 
1102,Column China hikes aluminium tariffs but export boom already over 
1103, Aluminium Cans Cast Into A Guitar
1104,Supermarket ditches mini wine bottle to opt for ‘vin in a tin’
1105,China's  aluminium output hits record high  mln tonnes 
1106,South sees shipping delays tying up cash in inventory 
1107,Alcoa reverts to gas for fuelling alumina refineries in Western Australia 
1108,India's Vedanta profit plummets  on soft metal prices com
1109,Column Base metals start the new year with depleted inventory com
1110,"EU concerns on green subsidy law are top US priority, US trade  "
1111,Column Analysts wary of base metals after China recovery rally 
1112,Chevron restarts production at Wheatstone gas plant 
1113,Liberty Steel suspends some UK plants due to power prices 
1114,Breakingviews  European gas savings success hides darker reality com
1115,"Simandou iron ore project to restart in March, Guinea says "
1116,"Potanin says sanctions constrain Nornickel, force it to adjust strategy "
1117,EU urges European banks to step up funding for critical minerals 
1118,Concrete is one of the world’s most harmful materials Graphene could change that
1119,Creative Vandalism The KITT Way
1120,DIY Capacitor Leakage Tester With a Professional Finish
1121,An Open Hardware Automatic Spinning Machine
1122,"Column While Dr Copper waits for China, China buys more copper com"
1123,A sixpack of sauvignon could canned wine help save the planet
1124,Plastic bottle deposit return scheme finally looks set to start in England
1125,Samsung Galaxy S launch MP cameras and bigger batteries
1126,Robotic Acrobot Aces The Moves
1127,"Jony Ive, designer of the iPhone and iPod, just designed a ‘clown nose’ for a British charity"
1128,Column China's power sector emissions set to jump as economy  
1129,The unfinished business of sporting laws and when rulemakers go too far
1130,"To get to netzero, we will need to make mining 'naturepositive  "
1131,Waitrose to sell wine in cans
1132,DIY Hidden Poker Table built into regular IKEA dining table
1133,Bright idea how to use dye to refresh your wardrobe
1134,The InfinitelyAdjustable RingLightLike Poise Lamp
1135,Kevin Daly designs canopied building to be welcoming as the shadow beneath a tree
1136,Super slim filament stand DThursday DPrinting
1137,Keiji Ashizawa adds Blue Bottle Coffee shop to Kobe department store
1138,Surman Weston nestles geometric pool house in gardens of Surrey home
1139,Studio CL creates Santiago apartment building as exercise in microdensity
1140,Stride Treglown completes site for the Deaf Academy in Exmouth
1141,Caspar Schols Takes the Concept of Lodging Once Step Further with ANNA Cabin
1142,Caspar Schols Takes the Concept of Lodging Once Step Further with ANNA Cabin
1143,Building Ghana's Aluminium Empire Leveraging Resources And Infrastructure To Become A Major Player In The Global Market
1144,GSL Gallery takes over disused Parisian factory with punk interiors
1145,Now or never exhibition visualises the carbon emissions of common materials
1146,ALUMINIUM DUFFEL PREPARES FOR ITS FUTURE
1147,Aluminium Market to Hit USD  Billion by   Fortune Business Insights
1148,Global Anodic Aluminium Oxide Wafer Market Report  Increased Use Of AAO Nanopores As A Protective Layer Boosts Growth
1149,Mazda Wants a RotaryEquipped Sports Car as Badly as We Do
1150,Elon Musk Should Not Be In Charge of the Night Sky
1151,"Homeowner is ordered to rip out , 'high quality' gates he installed on luxury barn conversion"
1152,Homelab Analog Telephone Exchange
1153,Ready To Deo Cycle
1154,Individual investors own  of Press Metal Aluminium Holdings Berhad KLSEPMETAL shares but private companies control  of the company
1155,Colombia VP Marquez says security foiled assassination attempt
1156,Netherlands emerging as key export destination for India amid jump in shipments of petroleum products
1157,Metal Fiber Market is expected to grow from USD  billion in  to USD  billion by   GreyViews
1158,"Next stop, Twatt My tour of Britain’s fantastically filthy placenames"
1159,COIL   SALES OF €M UP  ON THE PREVIOUS YEAR
1160,Global Anodic Aluminium Oxide Wafer Market Report  Sector to Reach  Million by  at a  CAGR
1161,Aluminium Composite Panels Market will surpass USD  billion by   GreyViews
1162,Compact Leica Cine  laser TV projector brings the brand into a new realm
1163,First look at Rimowa’s new collaboration with cult skate brand Palace
1164,A Look At The Past  Present Of The Bulgari Aluminium Watch Collection
1165,Single Screen Premium Aluminium Monitor Arm Stand   Officeworks
1166,Kuusakoski invests  M€ to meet increasing demand in pure recycled metal products
1167,German Industry Moves Past Worst of Energy Crunch Battle
1168,Analogg  layout wireless QMKVIA mechanical keyboard
1169,South sees shipping delays tying up cash in inventory
1170,Why we need new stories on climate  Rebecca Solnit
1171,"North American Aluminium Producers, Traders, and Suppliers Directory   ResearchAndMarketscom"
1172,eBay Plus Weisshorn Camping Table Roll Up Foldable Picnic Outdoor  Delivered  ozplaza eBay
1173,Investing in Press Metal Aluminium Holdings Berhad KLSEPMETAL three years ago would have delivered you a  gain
1174,Make the great Lord Sauron himself jealous with this LOTR keyboard
1175,Lian Li Galahad mm AIO CPU Cooler Black  Delivered  PC Case Gear
1176,"The Global Aluminum Extrusion Market is forecast to grow by  mn t during , accelerating at a CAGR of  during the forecast period"
1177,China  aluminium imports fall  on lower demand
1178,"Quntis ScreenLinear PRO review bright, comfortable monitor lightbar"
1179,The littleknown timebomb that every landlord should be aware of
1180,Intex Excursion Pro K Kayak w Aluminium Oar   Delivery  with OnePass  Catch
1181,Aluminium M  SSD Heatsink pcs US A Delivered  RGeek Flagship Store AliExpress
1182,Alashi Aluminium Laptop Holder   Delivery Free with Prime   Spend at Runrong AU via Amazon
1183,Corsair Vengeance GB xGB MHz CL DDR RAM  Paperback Book  Delivered  Amazon US via AU
1184," KTM  Adventure revised, new spoked wheels"
1185," Vespa   Anniversario limited edition celebrates Year of the Rabbit, , units produced"
1186,"Bar None ShampooConditioner Bar , ShampooConditioner Concentrate   Woolworths"
1187,Wheels India rolls out flow form technology equipped in cast alloy wheel
1188,"MercedesEQ  Formula E Team Ebike , Delivered Save ,  N Plus Bikes"
1189,"Lenovo ThinkBook p G H, GB DDR, GB SSD, RTX GB,  K nits Dolby Vision   Del  FutureGear eBay"
1190,China's  aluminium output hits record high  million tonnes
1191,Project NSX The Exterior Evolution
1192,"The Global Aluminum FlatRolled Products FRP Market is forecast to grow by  bn during , decelerating at a CAGR of  during the forecast period"
1193,"Out of Nile, into tile Young Egyptians battle plastic plague"
1194, BMW  Series And M Get iDrive  And Other Updates
1195,Aerocool Aluminium Type C  USB Charger with  AC Power Outlet    eBay Plus Delivered  Harris Technology eBay
1196,Moccona Barista Reserve Latte  Intensity   Aluminium Capsules  Delivered for subscribe and Save  Amazon AU
1197,Inflation is still a threat – it may pay to play it safe
1198,Win  Worth Of Gaming Accessories With ROCCAT
1199,"Shop The Chunky, Colourful Furniture You’ve Seen All Over The Internet"
1200,Aluminium Dunkerque to relaunch idled capacity 
1201,Column Power problems rein in global aluminium output growth 
1202,Column China hikes aluminium tariffs but export boom already over 
1203, Aluminium Cans Cast Into A Guitar
1204,Supermarket ditches mini wine bottle to opt for ‘vin in a tin’
1205,China's  aluminium output hits record high  mln tonnes 
1206,South sees shipping delays tying up cash in inventory 
1207,Alcoa reverts to gas for fuelling alumina refineries in Western Australia 
1208,India's Vedanta profit plummets  on soft metal prices com
1209,Column Base metals start the new year with depleted inventory com
1210,"EU concerns on green subsidy law are top US priority, US trade  "
1211,Column Analysts wary of base metals after China recovery rally 
1212,Chevron restarts production at Wheatstone gas plant 
1213,Liberty Steel suspends some UK plants due to power prices 
1214,Breakingviews  European gas savings success hides darker reality com
1215,"Simandou iron ore project to restart in March, Guinea says "
1216,"Potanin says sanctions constrain Nornickel, force it to adjust strategy "
1217,EU urges European banks to step up funding for critical minerals 
1218,Concrete is one of the world’s most harmful materials Graphene could change that
1219,Creative Vandalism The KITT Way
1220,DIY Capacitor Leakage Tester With a Professional Finish
1221,An Open Hardware Automatic Spinning Machine
1222,"Column While Dr Copper waits for China, China buys more copper com"
1223,A sixpack of sauvignon could canned wine help save the planet
1224,Plastic bottle deposit return scheme finally looks set to start in England
1225,Samsung Galaxy S launch MP cameras and bigger batteries
1226,Robotic Acrobot Aces The Moves
1227,"Jony Ive, designer of the iPhone and iPod, just designed a ‘clown nose’ for a British charity"
1228,Column China's power sector emissions set to jump as economy  
1229,The unfinished business of sporting laws and when rulemakers go too far
1230,"To get to netzero, we will need to make mining 'naturepositive  "
1231,Waitrose to sell wine in cans
1232,DIY Hidden Poker Table built into regular IKEA dining table
1233,Bright idea how to use dye to refresh your wardrobe
1234,The InfinitelyAdjustable RingLightLike Poise Lamp
1235,Kevin Daly designs canopied building to be welcoming as the shadow beneath a tree
1236,Super slim filament stand DThursday DPrinting
1237,Keiji Ashizawa adds Blue Bottle Coffee shop to Kobe department store
1238,Surman Weston nestles geometric pool house in gardens of Surrey home
1239,Studio CL creates Santiago apartment building as exercise in microdensity
1240,Stride Treglown completes site for the Deaf Academy in Exmouth
1241,Caspar Schols Takes the Concept of Lodging Once Step Further with ANNA Cabin
1242,Caspar Schols Takes the Concept of Lodging Once Step Further with ANNA Cabin
1243,Building Ghana's Aluminium Empire Leveraging Resources And Infrastructure To Become A Major Player In The Global Market
1244,GSL Gallery takes over disused Parisian factory with punk interiors
1245,Now or never exhibition visualises the carbon emissions of common materials
1246,ALUMINIUM DUFFEL PREPARES FOR ITS FUTURE
1247,Aluminium Market to Hit USD  Billion by   Fortune Business Insights
1248,Global Anodic Aluminium Oxide Wafer Market Report  Increased Use Of AAO Nanopores As A Protective Layer Boosts Growth
1249,Mazda Wants a RotaryEquipped Sports Car as Badly as We Do
1250,Elon Musk Should Not Be In Charge of the Night Sky
1251,"Homeowner is ordered to rip out , 'high quality' gates he installed on luxury barn conversion"
1252,Homelab Analog Telephone Exchange
1253,Ready To Deo Cycle
1254,Individual investors own  of Press Metal Aluminium Holdings Berhad KLSEPMETAL shares but private companies control  of the company
1255,Colombia VP Marquez says security foiled assassination attempt
1256,Netherlands emerging as key export destination for India amid jump in shipments of petroleum products
1257,Metal Fiber Market is expected to grow from USD  billion in  to USD  billion by   GreyViews
1258,"Next stop, Twatt My tour of Britain’s fantastically filthy placenames"
1259,COIL   SALES OF €M UP  ON THE PREVIOUS YEAR
1260,Global Anodic Aluminium Oxide Wafer Market Report  Sector to Reach  Million by  at a  CAGR
1261,Aluminium Composite Panels Market will surpass USD  billion by   GreyViews
1262,Compact Leica Cine  laser TV projector brings the brand into a new realm
1263,First look at Rimowa’s new collaboration with cult skate brand Palace
1264,A Look At The Past  Present Of The Bulgari Aluminium Watch Collection
1265,Single Screen Premium Aluminium Monitor Arm Stand   Officeworks
1266,Kuusakoski invests  M€ to meet increasing demand in pure recycled metal products
1267,German Industry Moves Past Worst of Energy Crunch Battle
1268,Analogg  layout wireless QMKVIA mechanical keyboard
1269,South sees shipping delays tying up cash in inventory
1270,Why we need new stories on climate  Rebecca Solnit
1271,"North American Aluminium Producers, Traders, and Suppliers Directory   ResearchAndMarketscom"
1272,eBay Plus Weisshorn Camping Table Roll Up Foldable Picnic Outdoor  Delivered  ozplaza eBay
1273,Investing in Press Metal Aluminium Holdings Berhad KLSEPMETAL three years ago would have delivered you a  gain
1274,Make the great Lord Sauron himself jealous with this LOTR keyboard
1275,Lian Li Galahad mm AIO CPU Cooler Black  Delivered  PC Case Gear
1276,"The Global Aluminum Extrusion Market is forecast to grow by  mn t during , accelerating at a CAGR of  during the forecast period"
1277,China  aluminium imports fall  on lower demand
1278,"Quntis ScreenLinear PRO review bright, comfortable monitor lightbar"
1279,The littleknown timebomb that every landlord should be aware of
1280,Intex Excursion Pro K Kayak w Aluminium Oar   Delivery  with OnePass  Catch
1281,Aluminium M  SSD Heatsink pcs US A Delivered  RGeek Flagship Store AliExpress
1282,Alashi Aluminium Laptop Holder   Delivery Free with Prime   Spend at Runrong AU via Amazon
1283,Corsair Vengeance GB xGB MHz CL DDR RAM  Paperback Book  Delivered  Amazon US via AU
1284," KTM  Adventure revised, new spoked wheels"
1285," Vespa   Anniversario limited edition celebrates Year of the Rabbit, , units produced"
1286,"Bar None ShampooConditioner Bar , ShampooConditioner Concentrate   Woolworths"
1287,Wheels India rolls out flow form technology equipped in cast alloy wheel
1288,"MercedesEQ  Formula E Team Ebike , Delivered Save ,  N Plus Bikes"
1289,"Lenovo ThinkBook p G H, GB DDR, GB SSD, RTX GB,  K nits Dolby Vision   Del  FutureGear eBay"
1290,China's  aluminium output hits record high  million tonnes
1291,Project NSX The Exterior Evolution
1292,"The Global Aluminum FlatRolled Products FRP Market is forecast to grow by  bn during , decelerating at a CAGR of  during the forecast period"
1293,"Out of Nile, into tile Young Egyptians battle plastic plague"
1294, BMW  Series And M Get iDrive  And Other Updates
1295,Aerocool Aluminium Type C  USB Charger with  AC Power Outlet    eBay Plus Delivered  Harris Technology eBay
1296,Moccona Barista Reserve Latte  Intensity   Aluminium Capsules  Delivered for subscribe and Save  Amazon AU
1297,Inflation is still a threat – it may pay to play it safe
1298,Win  Worth Of Gaming Accessories With ROCCAT
1299,"Shop The Chunky, Colourful Furniture You’ve Seen All Over The Internet"
